                  epoch,         train/box_loss,         train/cls_loss,         train/dfl_loss,   metrics/precision(B),      metrics/recall(B),       metrics/mAP50(B),    metrics/mAP50-95(B),           val/box_loss,           val/cls_loss,           val/dfl_loss,                 lr/pg0,                 lr/pg1,                 lr/pg2
                      0,                  6.452,                 4.4907,                 4.2802,                      0,                      0,                      0,                      0,                   6.59,                 4.0561,                 4.1603,                  2e-05,                  2e-05,                  2e-05
                      1,                 6.3747,                 4.2195,                 4.2543,                      0,                      0,                      0,                      0,                 6.5903,                 4.0562,                 4.1615,             5.9994e-05,             5.9994e-05,             5.9994e-05
                      2,                  6.326,                 4.3447,                 4.2052,                      0,                      0,                      0,                      0,                 6.5906,                 4.0563,                 4.1627,              9.998e-05,              9.998e-05,              9.998e-05
                      3,                 6.1074,                 3.9696,                 4.1692,                      0,                      0,                      0,                      0,                 6.5908,                 4.0569,                 4.1639,             0.00013996,             0.00013996,             0.00013996
                      4,                 6.3966,                 4.1315,                 4.0522,                      0,                      0,                      0,                      0,                  6.591,                 4.0583,                 4.1656,             0.00017993,             0.00017993,             0.00017993
                      5,                 6.3046,                 3.9673,                 3.8811,                      0,                      0,                      0,                      0,                 6.5914,                 4.0611,                  4.168,             0.00021989,             0.00021989,             0.00021989
